,pex,vamm,te
rand,981.6,4.010297909650795e-66,1.0
best,533.4,3.1326304394574472e-124,1.0
