,pex,vamm,te
0.5,991.2,1.698625608128861e-66,1.0
0.8,1419.6,1.561574368536129e-45,1.0
0.99,1263.0,1.146270748985782e-48,1.0
