,pex,vamm,te
10,,1.4278764451384916e-05,0.0
30,252.2,3.355611903496557e-27,1.0
50,265.6,4.117222050083945e-34,1.0
