,pex,vamm,te
0.5,200.4,3.3392789948830256e-34,1.0
0.8,292.8,4.80944689616023e-34,1.0
0.99,165.0,1.1797742231200041e-06,0.6
