,pex,vamm,te
rand,791.0,2.8076510017026206e-08,1.0
best,146.8,4.4297173115876784e-34,1.0
