,pex,vamm,te
0.5,,0.00010729360354358499,0.0
0.8,1481.3333333333333,9.84585934447043e-44,0.6
0.99,,5.4178179895882435e-17,0.0
