,pex,vamm,te
10,,6.428508880830796e-06,0.0
30,1443.6,8.06370548294917e-43,1.0
50,,2.466341410102225e-37,0.0
