,pex,vamm,te
0.5,234.8,6.101446072294077e-34,1.0
0.8,1055.5,4.667798007020927e-06,0.4
0.99,1232.6666666666667,8.933137125108706e-06,0.6
