,pex,vamm,te
1stepsize,,0.001905665546185494,0.0
nstepsize,198.8,1.7700426091534383e-41,1.0
