,pex,vamm,te
10-100,,0.00017394790858584743,0.0
30-200,,0.00019320462714171328,0.0
70-400,,0.0001664174220102369,0.0
