,pex,vamm,te
0.03976353643835253,,0.0001999425299438437,0.0
0.3976353643835253,125.0,0.00018781255160127053,0.4
3.976353643835253,504.75,0.00014964547758811704,0.8
