,pex,vamm,te
1000,602.15,0.00016201736300515656,0.3
1200,715.8,0.00017656917746372496,0.7
1500,811.35,0.00015986264738486504,0.8
