,pex,vamm,te
1stepsize,,0.00016150877971198341,0.0
nstepsize,614.05,0.00016766420424020083,0.6
