,pex,vamm,te
0.03162277660168379,,0.0002141019328969793,0.0
0.31622776601683794,752.3333333333334,0.00019342287433206837,0.2
3.162277660168379,437.3333333333333,0.00017600608199386133,0.6
