,pex,vamm,te
1e-10,,1.787537038456141e-20,0.0
1e-17,1061.75,2.1959053654344554e-22,0.8
1e-25,874.3333333333334,1.471546350035067e-19,0.6
