,pex,vamm,te
CrossDiscrete,217.4,9.442633996031016e-41,1.0
CrossInterAvg,722.3333333333334,4.1309089341354967e-38,0.6
