,pex,vamm,te
(m+n),858.5,7.723582614289658e-27,0.8
"(m,n)",,290.35762677447485,0.0
