,pex,vamm,te
0.03162277660168379,,0.28663361035051693,0.0
0.31622776601683794,748.2,2.1122008660820643e-39,1.0
3.162277660168379,,1.9869025443227206e-33,0.0
