,pex,vamm,te
1000,752.3333333333334,8.472693962881753e-39,0.6
1200,710.5,5.206535643525082e-15,0.4
1500,853.25,6.736097953180264e-39,0.8
