,pex,vamm,te
(m+n),703.0,0.00018306249730534898,0.2
"(m,n)",721.3333333333334,0.0006178870342593207,0.01
