,pex,vamm,te
10-100,685.5,5.756929416030179e-14,0.4
30-200,810.3333333333334,1.5934875977110153e-34,0.6
70-400,869.75,4.3750198434448284e-18,0.8
