,pex,vamm,te
0.03976353643835253,,9.174847215758412e-10,0.0
0.3976353643835253,717.4,8.73745383645482e-40,1.0
3.976353643835253,,52.82428128022715,0.0
