,pex,vamm,te
1e-10,865.0,0.0001542711802702355,0.6
1e-17,154.5,0.00015847922316770095,0.8
1e-25,624.0,0.00014262361091702615,0.8
