,pex,vamm,te
CrossDiscrete,,0.0001959908687590732,0.0
CrossInterAvg,505.0,0.00016066422137910548,0.6
